song_title,artist,genre,id,beatmap_id,date_started,date_ended,accuracy,max_combo_player,max_combo_beatmap,is_perfect_combo,passed,max_great,great,ok,meh,miss,ar,cs,bpm,hit_length,count_circles,count_sliders,count_spinners,difficulty_rating,beatmap_type,played_before
Anoko Secret,Eve,Rock,6176870141,1788240,2026-02-07 00:10:01+08:00,2026-02-07 00:11:48+08:00,90.58,320,643,False,True,458,386,63,2.0,7,9.0,4.0,160.0,100,276,180,2,4.81082,Hybrid,True
Anoko Secret,Eve,Rock,6176913489,1788240,2026-02-07 00:18:35+08:00,2026-02-07 00:20:21+08:00,88.97,185,643,False,True,458,377,59,8.0,14,9.0,4.0,160.0,100,276,180,2,4.81082,Hybrid,True
Rubik's Cube,Hatsune Miku,Rock,6176949608,114635,2026-02-07 00:24:38+08:00,2026-02-07 00:27:31+08:00,88.2,93,1027,False,True,717,592,90,3.0,32,9.0,4.0,174.0,151,470,246,1,5.5304,Hybrid,True
Playing With Fire,kors k,Video Game,6177128241,2015158,2026-02-07 01:00:34+08:00,2026-02-07 01:02:20+08:00,89.57,316,617,False,True,402,337,47,9.0,9,9.0,4.0,160.0,93,262,136,4,4.55318,Tech,False
Koi no Hime Hime Pettanko,*namirin,Anime,6177375094,1053519,2026-02-07 01:48:38+08:00,2026-02-07 01:50:15+08:00,95.68,461,502,False,True,356,330,21,3.0,2,9.0,4.0,178.0,92,213,143,0,4.62552,Jump,True
Electric Angel,Giga-P,Electronic,6177513367,417897,2026-02-07 02:14:10+08:00,2026-02-07 02:17:22+08:00,95.61,413,980,False,True,714,668,37,1.0,8,9.0,4.0,150.0,164,485,227,2,4.68965,Hybrid,True
BRAVER,ZAQ,Anime,6180094928,1547748,2026-02-07 12:53:48+08:00,2026-02-07 12:55:21+08:00,91.33,134,596,False,True,416,360,40,3.0,13,9.1,4.0,188.0,87,255,160,1,5.22997,Hybrid,False
Super Nuko World,yuikonnu & ayaponzu*,Rock,6180118427,476149,2026-02-07 12:58:55+08:00,2026-02-07 13:02:37+08:00,97.5,623,1381,False,True,1015,973,36,2.0,4,9.0,4.0,190.0,205,678,336,1,5.21271,Stream,True
Okochama Sensou,yuikonnu & ayaponzu*,Pop,6180132815,859009,2026-02-07 13:03:38+08:00,2026-02-07 13:07:09+08:00,97.01,698,1241,False,True,808,767,32,5.0,4,9.0,4.0,175.0,194,471,337,0,5.118,Hybrid,False
Yume Chizu,yuikonnu,Rock,6180141783,2237467,2026-02-07 13:08:18+08:00,2026-02-07 13:10:00+08:00,96.97,420,522,False,True,358,340,16,,2,9.2,3.8,176.0,97,209,149,0,5.18903,Jump,True
caramel heaven,yuikonnu,Rock,6180162838,827802,2026-02-07 13:12:46+08:00,2026-02-07 13:16:40+08:00,92.25,384,1366,False,True,896,786,84,5.0,21,9.0,4.0,194.0,209,481,414,1,5.48096,Hybrid,False
Future Candy,YUC'e,Electronic,6180175467,1521481,2026-02-07 13:17:29+08:00,2026-02-07 13:20:40+08:00,93.97,342,1218,False,True,755,675,72,2.0,6,9.0,4.0,180.0,173,410,345,0,5.2298,Tech,True
Cinderella Syndrome,YUC'e,Pop,6180190772,1215777,2026-02-07 13:21:34+08:00,2026-02-07 13:25:30+08:00,96.29,300,1427,False,True,856,807,36,3.0,10,9.0,4.0,100.0,218,404,450,2,5.31765,Hybrid,False
Itte.,Yorushika,Pop,6180213390,2061024,2026-02-07 13:28:37+08:00,2026-02-07 13:32:42+08:00,98.14,807,1091,False,True,731,710,14,1.0,6,9.0,4.0,180.0,207,405,325,1,4.99609,Jump,True
"Hachigatsu, Bou, Tsukiakari",Yorushika,Rock,6180230165,2027183,2026-02-07 13:33:38+08:00,2026-02-07 13:38:10+08:00,83.9,176,1419,False,False,874,636,136,37.0,46,8.0,3.0,220.0,240,418,455,1,5.04181,Hybrid,False
Kaibutsu (TV Size),YOASOBI,Anime,6180236623,2755127,2026-02-07 13:38:45+08:00,2026-02-07 13:40:15+08:00,95.62,158,469,False,True,319,297,14,1.0,7,9.2,4.5,170.0,86,174,145,0,4.91149,Jump,True
Idol,YOASOBI,Pop,6180306338,4098827,2026-02-07 13:59:27+08:00,2026-02-07 14:03:03+08:00,94.23,598,1117,False,True,775,696,75,2.0,2,9.0,4.0,166.0,194,471,304,0,4.95835,Hybrid,False
Try Again,USAO,Electronic,6180330242,1688458,2026-02-07 14:05:41+08:00,2026-02-07 14:10:51+08:00,87.58,563,2153,False,True,1276,1025,189,11.0,51,9.3,3.8,170.0,305,637,637,2,5.73737,Jump,False
Yoru Naku Usagi wa Yume o Miru,UNDEAD CORPORATION,Video Game,6180354134,176960,2026-02-07 14:14:48+08:00,2026-02-07 14:18:34+08:00,97.75,633,1505,False,True,959,924,23,5.0,7,9.0,4.0,200.0,213,542,416,1,5.45238,Stream,True
CANDYYYLAND feat. LIZ (Pa's Lam System Remix),tofubeats,Electronic,6180368514,1418502,2026-02-07 14:19:30+08:00,2026-02-07 14:23:14+08:00,90.11,289,1485,False,True,961,812,117,6.0,26,9.0,4.0,160.0,208,504,455,2,5.43985,Tech,True
Doki-Doki,Thaehan,Electronic,6180380132,1838159,2026-02-07 14:25:14+08:00,2026-02-07 14:27:00+08:00,96.1,797,1007,False,True,618,578,39,,1,9.0,3.8,180.0,102,457,161,0,5.10202,Stream,True
Aimai Elegy,96neko,Rock,6181175874,1262472,2026-02-07 18:33:28+08:00,2026-02-07 18:36:23+08:00,90.48,146,1012,False,True,660,561,61,14.0,24,9.0,4.0,210.0,166,352,307,1,5.03957,Hybrid,False
REANIMATE,Warak,Video Game,6181218015,445177,2026-02-07 18:45:12+08:00,2026-02-07 18:47:45+08:00,91.59,203,965,False,True,638,558,57,3.0,20,9.2,5.0,174.0,149,368,270,0,5.31652,Stream,True
Say Goodbye,Krewella,Electronic,6181234782,959406,2026-02-07 18:48:26+08:00,2026-02-07 18:52:09+08:00,93.54,156,1034,False,True,753,679,48,5.0,21,9.5,4.0,180.0,199,489,260,4,5.31257,Jump,False
K.Y.A.F.A. (Kill You All Fucking Asshole),Camellia,Electronic,6181260932,1171254,2026-02-07 18:54:50+08:00,2026-02-07 18:58:51+08:00,89.42,205,1675,False,True,903,735,141,5.0,22,9.0,4.0,220.0,233,370,532,1,5.43199,Stream,False
Catch the Moment,LiSA,Anime,6181282867,1214269,2026-02-07 18:59:44+08:00,2026-02-07 19:04:24+08:00,91.68,285,1520,False,True,1063,921,108,5.0,29,9.2,4.0,190.0,260,627,432,4,5.60615,Hybrid,False
Kuchizuke Diamond,WEAVER,Anime,6181292037,808848,2026-02-07 19:05:16+08:00,2026-02-07 19:06:49+08:00,95.73,336,527,False,True,345,320,22,,3,9.0,4.0,164.0,88,219,126,0,5.51575,Jump,False
Sidetracked Day (Short Ver.),VINXIS,Electronic,6181304214,1632673,2026-02-07 19:08:04+08:00,2026-02-07 19:09:55+08:00,87.91,448,980,False,False,601,472,94,10.0,11,9.3,3.8,188.0,109,386,215,0,5.85337,Stream,False
Dynamite (Extended Mix),USAO,Video Game,6181323844,984299,2026-02-07 19:10:57+08:00,2026-02-07 19:14:56+08:00,91.98,460,1446,False,True,898,778,89,10.0,21,9.0,3.5,200.0,231,422,475,1,5.15028,Tech,False
What is Love?,TWICE,Pop,6181365617,1603791,2026-02-07 19:21:49+08:00,2026-02-07 19:25:20+08:00,91.82,191,1201,False,True,847,746,66,7.0,28,9.0,4.3,170.0,204,537,310,0,5.46015,Jump,False
Kako ni Torawarete Iru,TUYU,Pop,6181384598,2590502,2026-02-07 19:26:09+08:00,2026-02-07 19:30:00+08:00,93.97,493,1313,False,True,913,820,79,7.0,7,9.0,3.8,180.0,221,557,354,2,5.10426,Jump,False
Kyouran Hey Kids!!,THE ORAL CIGARETTES,Anime,6181393076,815857,2026-02-07 19:31:00+08:00,2026-02-07 19:32:05+08:00,82.72,68,1665,False,False,1018,206,48,3.0,24,9.3,4.0,142.0,211,406,612,0,5.77078,Stream,True
Space Invaders,Teminite & MDK,Electronic,6181421482,2114276,2026-02-07 19:33:15+08:00,2026-02-07 19:39:07+08:00,88.39,337,2007,False,True,1199,959,195,11.0,34,9.2,3.0,128.0,318,451,740,8,5.39013,Tech,True
cheatreal,t+pazolite,Electronic,6181443725,462225,2026-02-07 19:39:49+08:00,2026-02-07 19:44:26+08:00,92.76,287,1791,False,True,940,821,88,10.0,21,9.0,4.0,200.0,223,413,527,0,5.27401,Tech,False
me & u,succducc,Pop,6181460707,1498091,2026-02-07 19:45:35+08:00,2026-02-07 19:48:28+08:00,83.11,140,1220,False,True,800,584,171,13.0,32,9.2,4.0,160.0,163,440,359,1,5.34591,Tech,False
The Pressure,Stonebank,Electronic,6181485377,759638,2026-02-07 19:52:50+08:00,2026-02-07 19:54:19+08:00,93.42,294,470,False,True,296,263,28,1.0,4,9.2,4.2,170.0,80,165,129,2,5.04683,Hybrid,True
Cold Green Eyes ft. Roos Denayer,Station Earth,Electronic,6181499942,814293,2026-02-07 19:55:37+08:00,2026-02-07 19:57:45+08:00,97.89,221,562,False,True,396,384,6,,6,9.2,4.0,174.0,121,240,152,4,4.93542,Jump,True
Cold Green Eyes ft. Roos Denayer,Station Earth,Electronic,6181528629,814293,2026-02-07 20:02:21+08:00,2026-02-07 20:04:36+08:00,95.28,116,562,False,True,396,367,20,,9,9.2,4.0,174.0,121,240,152,4,4.93542,Jump,True
Routine,Silent Siren,Pop,6181549164,863037,2026-02-07 20:05:27+08:00,2026-02-07 20:09:29+08:00,93.7,243,1407,False,True,963,867,68,8.0,20,9.2,4.2,176.0,232,561,400,2,5.37869,Hybrid,False
Katayoku no Tori,Shikata Akiko,Anime,6181558195,1439489,2026-02-07 20:10:06+08:00,2026-02-07 20:11:37+08:00,88.38,151,549,False,False,353,279,54,3.0,12,9.3,4.0,220.0,89,160,193,0,5.46637,Jump,False
Burnt Rice (feat. YUNG GEMMY),Shawn Wasabi + YDG,Electronic,6181588871,1501582,2026-02-07 20:16:54+08:00,2026-02-07 20:18:38+08:00,85.71,276,750,False,False,494,321,71,4.0,21,9.2,3.8,160.0,118,272,222,0,5.53826,Tech,False
Remote Control,Saiya,Electronic,6181613700,164020,2026-02-07 20:21:58+08:00,2026-02-07 20:24:22+08:00,88.98,271,652,False,True,479,393,75,3.0,8,9.0,4.0,165.0,130,345,132,2,5.49248,Jump,False
Hanairo Biyori,Natsume Chiaki,Other,6181666964,382930,2026-02-07 20:33:17+08:00,2026-02-07 20:36:23+08:00,90.4,145,1067,False,True,772,657,84,13.0,18,9.0,4.0,182.0,168,523,247,2,5.56389,Stream,False
99.9 (TV Size),MOB CHOIR feat. sajou no hana,Anime,6181677774,1911769,2026-02-07 20:37:12+08:00,2026-02-07 20:38:46+08:00,90.12,265,581,False,True,457,390,50,8.0,9,9.1,4.0,168.0,89,340,117,0,5.20093,Jump,False
Necro Fantasia,MISATO,Video Game,6181689715,1320292,2026-02-07 20:39:40+08:00,2026-02-07 20:41:23+08:00,91.36,216,746,False,False,544,297,25,,17,9.2,4.2,175.0,136,362,180,2,5.77845,Jump,False
Rally Go Round,LiSA,Anime,6181715517,740692,2026-02-07 20:42:44+08:00,2026-02-07 20:47:07+08:00,93.64,254,1536,False,True,1111,1008,65,5.0,33,9.3,4.0,190.0,248,710,400,1,5.74763,Hybrid,True
Scarlet Rose,Lily,Electronic,6181731398,131564,2026-02-07 20:47:39+08:00,2026-02-07 20:50:42+08:00,81.52,111,1441,False,True,725,528,121,14.0,62,9.0,4.0,320.0,146,334,390,1,5.56721,Tech,False
Sound Chimera,Laur,Electronic,6181757696,1821081,2026-02-07 20:51:21+08:00,2026-02-07 20:56:24+08:00,93.92,724,1703,False,True,966,858,94,8.0,6,9.0,4.0,190.0,271,439,521,6,4.7668,Tech,True
Playing With Fire,kors k,Video Game,6181769581,2011421,2026-02-07 20:57:12+08:00,2026-02-07 20:58:59+08:00,75.43,180,669,False,True,469,292,122,21.0,34,9.4,4.0,160.0,92,294,171,4,5.83337,Hybrid,True
Bonfire,Knife Party,Electronic,6181783564,281918,2026-02-07 20:59:34+08:00,2026-02-07 21:02:00+08:00,93.94,450,648,False,True,415,368,45,,2,9.0,4.0,87.0,120,190,224,1,4.68446,Jump,True
United (L.A.O.S Remix),Our Stolen Theory,Electronic,6181813164,550235,2026-02-07 21:02:57+08:00,2026-02-07 21:08:20+08:00,90.27,333,2275,False,True,1758,1510,177,22.0,49,9.2,4.0,175.0,300,1338,416,4,6.08624,Hybrid,True
Time Bomb (feat. Veela & Boyinaband),Feint,Electronic,6186054790,263368,2026-02-08 13:14:20+08:00,2026-02-08 13:17:18+08:00,98.74,293,762,False,True,493,483,8,,2,9.0,4.0,175.0,144,240,252,1,4.60807,Hybrid,False
Neon Rainbow (ft. Anna Yvette),Rameses B,Electronic,6186062988,958661,2026-02-08 13:18:00+08:00,2026-02-08 13:20:00+08:00,96.06,180,707,False,True,571,537,27,,7,9.2,4.0,174.0,111,446,125,0,5.28098,Hybrid,False
Hype feat. Such (lapix Remix),PSYQUI,Electronic,6186079889,1744010,2026-02-08 13:20:51+08:00,2026-02-08 13:25:31+08:00,92.75,516,1903,False,True,1104,963,127,2.0,12,9.0,4.0,175.0,255,483,619,2,5.02497,Stream,False
The Island (MaxNRG Remix),Pendulum,Electronic,6186102107,149388,2026-02-08 13:27:45+08:00,2026-02-08 13:32:40+08:00,97.57,621,1449,False,True,1025,986,28,5.0,6,9.0,4.0,174.0,277,672,350,3,5.3566,Stream,False
Ooi [Game Edit],O2i3,Electronic,6186112213,786980,2026-02-08 13:33:57+08:00,2026-02-08 13:35:57+08:00,90.03,127,691,False,True,416,347,49,3.0,17,9.2,4.0,216.0,112,205,205,6,5.47755,Jump,False
Omoide Kakera,nano,Rock,6186128034,981641,2026-02-08 13:36:34+08:00,2026-02-08 13:41:07+08:00,89.69,588,1722,False,True,1157,959,150,15.0,33,9.2,4.0,200.0,258,614,542,1,6.01222,Stream,False
pensamento tipico de esquerda caviar,Maffalda,Hip Hop,6186144975,422328,2026-02-08 13:44:42+08:00,2026-02-08 13:46:42+08:00,91.08,121,535,False,True,360,315,20,2.0,23,9.0,4.0,157.1,112,208,149,3,5.8496,Jump,False
TRICKL4SH 220,Lite Show Magic,Video Game,6186152497,1308411,2026-02-08 13:47:13+08:00,2026-02-08 13:49:09+08:00,93.66,183,728,False,True,460,411,36,5.0,8,9.2,4.2,220.0,111,219,240,1,5.18353,Tech,False
TRIPLE PLAY,KASAI HARCORES,Electronic,6186166967,1477910,2026-02-08 13:50:26+08:00,2026-02-08 13:53:57+08:00,85.55,263,1770,False,False,1058,703,132,27.0,51,9.5,3.8,175.0,238,493,565,0,5.94715,Tech,True
Endless Starlight ~Inochi no Kirameki~ (OP ver.),Kanae Asaba,Video Game,6186234460,1102144,2026-02-08 14:14:27+08:00,2026-02-08 14:16:07+08:00,94.65,200,517,False,True,376,350,9,,17,9.2,4.5,181.0,91,253,123,0,5.5811,Jump,False
Silhouette,KANA-BOON,Anime,6186254133,869197,2026-02-08 14:21:05+08:00,2026-02-08 14:22:37+08:00,97.5,250,458,False,True,349,336,9,,4,9.3,4.0,183.0,87,250,99,0,5.26134,Jump,False
The Pretender,Infected Mushroom,Rock,6186301940,221777,2026-02-08 14:32:16+08:00,2026-02-08 14:38:33+08:00,96.14,409,2388,False,True,1450,1373,44,7,26,9.0,4.0,174.0,364,854,593,3,5.78374,Hybrid,True
Genryuu Kaiko,Halozy,Video Game,6186367380,174677,2026-02-08 14:54:57+08:00,2026-02-08 15:00:06+08:00,90.36,227,1725,False,True,1242,1074,108,11,49,9.0,4.0,173.0,276,884,357,1,5.76427,Jump,False
furioso melodia,gmtn. (witch's slave),Electronic,6186377561,4795841,2026-02-08 15:01:32+08:00,2026-02-08 15:03:26+08:00,72.2,99,763,False,True,529,296,170,37,26,10.0,4.0,155.0,108,329,199,1,5.55105,Stream,False
30's Swing Tek,Floxytek vs Billx,Electronic,6186394223,169271,2026-02-08 15:06:40+08:00,2026-02-08 15:08:59+08:00,95.2,477,789,False,True,559,517,33,2,7,9.0,4.0,190.0,121,390,168,1,5.40539,Hybrid,True
Namae no Nai Kaibutsu (TV Size),EGOIST,Anime,6186403863,187378,2026-02-08 15:10:41+08:00,2026-02-08 15:12:11+08:00,95.49,322,486,False,True,305,282,19,2,2,9.0,4.0,180.0,81,177,126,2,4.95109,Stream,False
Prismatic Lollipops,DJ Mashiro,Video Game,6186411249,705059,2026-02-08 15:13:08+08:00,2026-02-08 15:14:39+08:00,92.53,169,588,False,True,479,424,46,1,8,9.0,4.0,202.0,85,381,97,1,5.92593,Hybrid,False
Hatsune Miku no Shoushitsu,cosMo@BousouP feat.Hatsune Miku,Rock,6186428587,320127,2026-02-08 15:15:58+08:00,2026-02-08 15:20:22+08:00,87.49,271,1918,False,True,1104,883,165,20,36,9.2,4.0,240.0,208,584,519,1,6.02431,Stream,False
Night of Knights,beatMARIO,Video Game,6186445014,786018,2026-02-08 15:22:55+08:00,2026-02-08 15:25:50+08:00,93.58,192,1218,False,True,914,832,49,11,22,9.2,3.8,180.0,151,651,263,0,5.63019,Hybrid,False
Airplanes (Feint Remix),B.o.B feat. Hayley Williams,Electronic,6186460605,230523,2026-02-08 15:27:12+08:00,2026-02-08 15:31:04+08:00,97.26,304,1093,False,True,793,760,22,1,10,9.0,4.0,178.0,200,519,271,3,5.33226,Hybrid,False
Piranha (Maffalda Reloaded Trap Mix),Alipio Martins,Hip Hop,6186478406,652234,2026-02-08 15:32:51+08:00,2026-02-08 15:37:02+08:00,89.37,95,1279,False,True,909,781,55,5,68,9.3,4.0,171.0,216,608,298,3,6.30537,Jump,False
Monochrome Butterfly,Aitsuki Nakuru,Rock,6186487495,1095854,2026-02-08 15:38:47+08:00,2026-02-08 15:40:03+08:00,87.31,111,415,False,False,339,278,19,,34,9.5,4.0,175.0,73,264,74,1,5.85283,Jump,False
On The Way (TV Size),AiNA THE END,Pop,6186495312,5194045,2026-02-08 15:41:04+08:00,2026-02-08 15:42:37+08:00,95.02,363,505,False,True,350,320,26,1,3,9.2,4.2,186.0,87,202,148,0,5.218,Jump,True
Los! Los! Los!,Tanya Degurechaff (CV: Yuki Aoi),Anime,6186505231,1211730,2026-02-08 15:44:16+08:00,2026-02-08 15:45:49+08:00,89.01,111,647,False,True,389,320,44,7,18,9.2,4.0,240.0,88,158,229,2,5.39092,Hybrid,False
Ga1ahad and Scientific Witchery,Mili,Video Game,6186522554,1971458,2026-02-08 15:47:50+08:00,2026-02-08 15:51:30+08:00,88.54,224,1330,False,True,1018,838,159,2,19,9.1,3.8,166.0,216,768,250,0,5.70468,Stream,False
Ooedo Ranvu,Reol & nqrse,Pop,6186550590,833389,2026-02-08 15:57:58+08:00,2026-02-08 16:00:34+08:00,86.27,111,1373,False,False,811,543,112,9,42,9.6,4.2,134.0,176,260,550,1,5.86842,Hybrid,False
Get Jinxed,Agnete Kjolsrud,Video Game,6187356501,794670,2026-02-08 19:51:24+08:00,2026-02-08 19:53:43+08:00,93.1,154,649,False,True,453,408,22,2,21,9.3,4.0,180.0,117,264,189,0,5.64281,Jump,False
Hopes and Dreams,toby fox,Video Game,6187372627,817987,2026-02-08 19:54:35+08:00,2026-02-08 19:57:39+08:00,95.52,161,843,False,True,625,584,26,,15,9.0,4.0,170.68,165,408,216,1,5.13113,Jump,False
Necro Fantasia,MISATO,Video Game,6187395923,1328726,2026-02-08 20:00:52+08:00,2026-02-08 20:03:24+08:00,96.73,170,734,False,True,485,462,12,1,10,9.0,3.8,175.0,136,243,241,1,4.89455,Jump,False
"Bassdrop Freaks (2018 ""Redrop"" ver.)",Camellia feat. Nanahira,Electronic,6187787354,1701400,2026-02-08 21:27:54+08:00,2026-02-08 21:32:29+08:00,89.9,653,1917,False,True,1149,946,168,14,21,9.0,4.0,179.0,255,444,703,2,5.09048,Tech,False
Tower Of Heaven (You Are Slaves),Feint,Electronic,6188169524,847314,2026-02-08 22:45:38+08:00,2026-02-08 22:51:15+08:00,93.73,659,1292,False,True,892,803,82,1,6,9.0,4.0,175.0,155,721,170,1,5.19628,Stream,True
From Under Cover (Caught Up In A Love Song),Foreground Eclipse,Rock,6188192661,992281,2026-02-08 22:52:31+08:00,2026-02-08 22:55:51+08:00,98.71,842,1222,False,True,734,718,12,,4,9.0,4.0,200.0,175,359,371,4,4.96259,Stream,False
Feral (osu! edit),meganeko,Electronic,6188211660,2549390,2026-02-08 22:57:39+08:00,2026-02-08 22:59:35+08:00,70.23,116,1605,False,False,1120,132,89,10,10,9.2,4.0,160.0,169,832,287,1,5.9929,Tech,False
Doki-Doki,Thaehan,Electronic,6188228316,1637465,2026-02-08 23:00:58+08:00,2026-02-08 23:02:48+08:00,77.29,141,1006,False,True,782,518,201,24,39,9.3,4.0,180.0,102,640,141,1,6.06537,Stream,False
Omega Rhythm,UPLIFT SPICE,Rock,6188266385,366142,2026-02-08 23:07:26+08:00,2026-02-08 23:10:27+08:00,98.75,1017,1023,False,True,669,655,13,,1,9.0,4.0,173.0,164,401,266,2,5.20751,Stream,True
Omoide Kakera,nano,Rock,6188315284,981641,2026-02-08 23:15:48+08:00,2026-02-08 23:20:20+08:00,92.03,243,1722,False,True,1157,1010,99,15,33,9.2,4.0,200.0,258,614,542,1,6.01222,Stream,True
Tower Of Heaven (You Are Slaves),Feint,Electronic,6188336532,845391,2026-02-08 23:21:48+08:00,2026-02-08 23:24:37+08:00,85.82,151,1282,False,True,927,721,163,14,29,9.2,4.0,175.0,155,611,315,1,6.14043,Stream,False
Station,Aiyru,Electronic,6188361292,3683614,2026-02-08 23:27:31+08:00,2026-02-08 23:29:38+08:00,82.83,184,745,False,True,523,378,123,11,11,8.4,4.2,174.0,117,350,171,2,4.86639,Tech,False
Deal with the devil,Tia,Anime,6188372630,1425727,2026-02-08 23:30:13+08:00,2026-02-08 23:31:53+08:00,90.94,240,688,False,True,412,345,59,2,6,9.0,4.0,142.0,95,173,239,0,4.62836,Tech,False
Aresene's Bazaar,James Landino,Electronic,6188391200,4091822,2026-02-08 23:33:02+08:00,2026-02-08 23:35:33+08:00,81.32,80,1058,False,True,648,450,142,26,30,9.0,3.5,155.0,143,269,379,0,5.24267,Tech,True
Mopemope,LeaF,Electronic,6188404408,2293450,2026-02-08 23:36:54+08:00,2026-02-08 23:38:12+08:00,82.58,148,708,False,False,392,194,34,7,26,9.0,5.7,200.0,108,220,171,1,6.20394,Tech,False
Odo,Ado,Pop,6188424849,3031685,2026-02-08 23:38:48+08:00,2026-02-08 23:42:17+08:00,91.89,391,1292,False,True,739,642,72,5,20,9.0,5.0,128.0,205,321,417,1,4.6387,Tech,False
CANDYYYLAND feat. LIZ (Pa's Lam System Remix),tofubeats,Electronic,6188445694,1418503,2026-02-08 23:42:51+08:00,2026-02-08 23:46:22+08:00,81.54,167,1181,False,True,744,540,134,27,43,9.3,4.0,160.0,188,337,401,6,6.06101,Tech,False
United (L.A.O.S Remix),Our Stolen Theory,Electronic,6188462651,550235,2026-02-08 23:47:46+08:00,2026-02-08 23:49:43+08:00,90.42,265,2275,False,False,1758,529,52,17,17,9.2,4.0,175.0,300,1338,416,4,6.08624,Hybrid,True
Age Of Reason,Station Earth,Electronic,6188488571,943270,2026-02-08 23:53:19+08:00,2026-02-08 23:54:55+08:00,99.06,515,548,False,True,380,374,5,,1,9.0,4.0,174.0,89,220,160,0,4.84617,Jump,False
Asu no Yozora Shoukaihan,Yuaru,Rock,6188507893,853926,2026-02-08 23:55:50+08:00,2026-02-08 23:58:48+08:00,97.79,447,1133,False,True,647,625,14,1,7,9.0,4.0,185.0,159,329,318,0,4.96457,Hybrid,True
Ooi [Game Edit],O2i3,Electronic,6188520425,786867,2026-02-09 00:00:09+08:00,2026-02-09 00:01:21+08:00,85.04,153,784,False,False,532,246,48,5,20,9.4,4.0,216.0,112,351,175,6,6.27035,Hybrid,False
Additional Memory,JIN,Rock,6188526602,1775286,2026-02-09 00:02:09+08:00,2026-02-09 00:02:36+08:00,83.62,123,694,False,False,503,86,18,2,7,9.3,4.0,200.0,105,328,175,0,5.81822,Hybrid,False
Hoohah (VIP Edit),Fox Stevenson & Curbi,Electronic,6188538775,1295253,2026-02-09 00:03:33+08:00,2026-02-09 00:05:07+08:00,92.99,214,486,False,True,349,309,34,1,5,9.2,4.0,174.0,81,221,127,1,5.19241,Jump,False
Seishun Complex,kessoku band,Anime,6188559112,3862295,2026-02-09 00:05:54+08:00,2026-02-09 00:09:16+08:00,92.1,258,1263,False,True,924,808,88,10,18,9.3,4.0,190.0,194,595,328,1,5.77489,Hybrid,False
Stream Practice Maps,Various Artists,Electronic,6191380636,137125,2026-02-09 12:30:56+08:00,2026-02-09 12:32:53+08:00,82.49,308,936,False,True,755,560,123,64,8,8.0,4.0,160.0,101,640,114,1,4.90885,Stream,False
Stream Practice Maps,Various Artists,Electronic,6191387240,137124,2026-02-09 12:33:51+08:00,2026-02-09 12:35:32+08:00,77.77,145,929,False,True,677,455,136,65,21,9.0,4.0,200.0,93,545,132,0,5.74893,Stream,False
Reizouko Mitara Pudding ga Nai,bibuko,Rock,6191436277,256839,2026-02-09 12:53:17+08:00,2026-02-09 12:55:21+08:00,95.29,156,841,False,True,637,595,26,2,14,9.0,4.0,190.0,113,447,189,1,5.77635,Stream,False
FireLight (Neokontrol Remix),"Dustvoxx, Laur",Electronic,6191452813,3122865,2026-02-09 12:56:29+08:00,2026-02-09 13:02:08+08:00,89.49,501,3273,False,True,1710,1396,264,22,28,9.3,4.0,190.0,334,950,759,1,5.35001,Stream,False
FIRE BIRD (TV Size),Roselia,Anime,6191465023,2025589,2026-02-09 13:04:59+08:00,2026-02-09 13:07:11+08:00,71.85,187,804,False,True,619,344,231,23,21,9.3,5.0,150.0,123,461,157,1,5.77292,Stream,False
Omoide Kakera,nano,Rock,6191486026,981641,2026-02-09 13:11:29+08:00,2026-02-09 13:16:01+08:00,92.04,394,1722,False,True,1157,1007,114,7,29,9.2,4.0,200.0,258,614,542,1,6.01222,Stream,True
caramel heaven,yuikonnu,Rock,6191501898,830360,2026-02-09 13:18:50+08:00,2026-02-09 13:22:47+08:00,97.38,1301,1302,False,True,873,832,40,1,,9.0,4.0,194.0,210,490,381,2,4.70404,Stream,True
Doki-Doki,Thaehan,Electronic,6191509651,2469254,2026-02-09 13:24:15+08:00,2026-02-09 13:26:05+08:00,89.73,259,887,False,True,592,488,96,3,5,9.0,4.0,180.0,102,404,187,1,5.16415,Stream,False
Hatsune Miku no Shoushitsu,cosMo@BousouP feat.Hatsune Miku,Rock,6191524830,321336,2026-02-09 13:28:18+08:00,2026-02-09 13:32:37+08:00,93.71,544,1756,False,True,848,757,76,2,13,9.0,4.0,240.0,206,432,414,2,5.79673,Stream,True
Tower Of Heaven (You Are Slaves),Feint,Electronic,6191533113,845391,2026-02-09 13:33:28+08:00,2026-02-09 13:36:17+08:00,83.48,214,1282,False,True,927,682,190,30,25,9.2,4.0,175.0,155,611,315,1,6.14043,Stream,True
Necro Fantasia,MISATO,Video Game,6191548226,1328726,2026-02-09 13:40:15+08:00,2026-02-09 13:42:47+08:00,96.84,278,734,False,True,485,459,20,1,5,9.0,3.8,175.0,136,243,241,1,4.89455,Jump,True
The Noise of Rain,Kino Hiko,Rock,6191572918,1363850,2026-02-09 13:49:30+08:00,2026-02-09 13:53:11+08:00,92.34,269,1271,False,True,837,738,64,6,29,9.0,4.0,204.0,202,422,415,0,5.47732,Jump,False
Undercover Martyn,Two Door Cinema Club,Rock,6191581836,2831663,2026-02-09 13:54:10+08:00,2026-02-09 13:56:55+08:00,97.85,653,765,False,True,580,560,17,,3,9.0,4.0,159.87,135,405,173,2,4.79895,Jump,False
Kako ni Torawarete Iru,TUYU,Pop,6191593646,2593880,2026-02-09 13:57:52+08:00,2026-02-09 14:01:43+08:00,96.26,1039,1238,False,True,852,795,55,1,1,9.2,4.0,180.0,210,508,344,0,5.53972,Hybrid,False
Happy Time wa Owaranai,Nanamori-chu * Goraku-bu,Anime,6191602676,713594,2026-02-09 14:03:19+08:00,2026-02-09 14:05:32+08:00,94.19,220,748,False,True,577,530,30,1,16,9.3,4.0,190.0,124,410,165,2,5.81154,Jump,False
Bye Bye YESTERDAY,3 Nen E Gumi Utatan (Nagisa & Kayano & Karuma & Isogai & Maehara),Anime,6191608566,1026729,2026-02-09 14:06:26+08:00,2026-02-09 14:08:02+08:00,98.38,307,557,False,True,373,364,5,,4,9.3,4.0,180.0,91,222,151,0,5.36405,Jump,False
Aimai Elegy,96neko,Rock,6191620233,1261914,2026-02-09 14:10:05+08:00,2026-02-09 14:12:55+08:00,86.2,120,1050,False,True,739,585,104,8,42,9.2,4.5,210.0,166,453,285,1,6.2877,Jump,False
Monochrome Butterfly,Aitsuki Nakuru,Rock,6191626055,1621068,2026-02-09 14:13:45+08:00,2026-02-09 14:15:19+08:00,93.5,261,471,False,True,377,342,21,3,11,9.2,3.8,175.0,86,285,91,1,5.64136,Jump,False
Cold Green Eyes ft. Roos Denayer,Station Earth,Electronic,6191633987,814293,2026-02-09 14:16:34+08:00,2026-02-09 14:18:42+08:00,99.01,242,562,False,True,396,390,4,,2,9.2,4.0,174.0,121,240,152,4,4.93542,Jump,True
Eyes Half Closed,Crywolf,Electronic,6191641253,1046830,2026-02-09 14:19:15+08:00,2026-02-09 14:21:46+08:00,91.07,376,531,False,True,399,344,42,1,12,9.5,4.0,135.0,131,271,127,1,5.27903,Jump,True
Remote Control,kradness&Reol,Electronic,6191654728,774965,2026-02-09 14:22:12+08:00,2026-02-09 14:27:24+08:00,94.58,415,1774,False,True,1173,1069,79,6,19,9.2,4.0,165.0,295,693,479,1,5.68253,Jump,True
Now Loading!!!!,fourfolium,Anime,6191664516,1026666,2026-02-09 14:30:03+08:00,2026-02-09 14:31:35+08:00,94.62,123,514,False,True,375,346,15,1,13,9.3,4.0,193.0,87,239,135,1,5.85206,Jump,False
Tomodachi no Uta,Kurahashi Yoeko,Pop,6191672146,1659553,2026-02-09 14:32:58+08:00,2026-02-09 14:34:57+08:00,89.27,268,579,False,True,466,396,51,,19,9.5,4.1,200.0,112,389,77,0,5.57964,Jump,False
Whatever I Do (feat. Kostja),Cartoon,Electronic,6191687486,815071,2026-02-09 14:35:19+08:00,2026-02-09 14:41:30+08:00,95.15,152,402,False,True,282,261,15,,6,9.2,4.2,174.0,93,190,89,3,5.14767,Jump,True
pensamento tipico de esquerda caviar,Maffalda,Hip Hop,6191696398,422328,2026-02-09 14:43:13+08:00,2026-02-09 14:45:14+08:00,91.12,101,535,False,True,360,318,11,6,25,9.0,4.0,157.1,112,208,149,3,5.8496,Jump,True
Asu no Yozora Shoukaihan,Yuaru,Rock,6191723242,840686,2026-02-09 14:53:53+08:00,2026-02-09 14:56:50+08:00,94.61,189,1099,False,True,800,736,41,7,16,9.3,4.0,185.0,158,524,275,1,5.62037,Hybrid,False
We Won't Be Alone (feat. Laura Brehm),Feint,Electronic,6191740416,869142,2026-02-09 15:02:43+08:00,2026-02-09 15:04:21+08:00,95.44,152,450,False,True,349,325,18,,6,9.0,4.3,175.0,88,257,90,2,5.36164,Hybrid,False
Additional Memory,JIN,Rock,6191746053,1775286,2026-02-09 15:04:59+08:00,2026-02-09 15:06:50+08:00,94.6,306,694,False,True,503,462,29,2,10,9.3,4.0,200.0,105,328,175,0,5.81822,Hybrid,False
HIBANA feat. Hatsune Miku,DECO*27,Rock,6191764222,1501684,2026-02-09 15:11:23+08:00,2026-02-09 15:14:50+08:00,95.68,275,1214,False,True,809,757,29,3,20,9.2,4.0,200.0,181,453,354,2,5.59793,Hybrid,False
Super Nuko World,yuikonnu & ayaponzu*,Rock,6191777494,386728,2026-02-09 15:17:57+08:00,2026-02-09 15:20:46+08:00,89.21,267,1739,False,False,1365,884,124,11,31,9.0,4.0,190.0,218,1031,334,0,5.84324,Stream,False
Guitar to Kodoku to Aoi Hoshi,kessoku band,Rock,6191788621,3910756,2026-02-09 15:21:41+08:00,2026-02-09 15:25:42+08:00,88.36,195,1308,False,True,894,721,139,10,24,9.4,4.0,193.0,193,512,381,1,5.99133,Hybrid,False
Try Again,USAO,Electronic,6191825691,1688458,2026-02-09 15:37:01+08:00,2026-02-09 15:42:11+08:00,90.03,208,2153,False,True,1276,1080,137,11,48,9.3,3.8,170.0,305,637,637,2,5.73737,Hybrid,True
Hoohah (VIP Edit),Fox Stevenson & Curbi,Electronic,6191832522,1295253,2026-02-09 15:43:41+08:00,2026-02-09 15:45:14+08:00,93.27,143,486,False,True,349,317,19,2,11,9.2,4.0,174.0,81,221,127,1,5.19241,Jump,True
Reizouko Mitara Pudding ga Nai,bibuko,Rock,6191840758,256840,2026-02-09 15:46:50+08:00,2026-02-09 15:48:51+08:00,91.57,111,829,False,True,613,542,47,2,22,9.0,4.0,190.0,113,463,149,1,6.04401,Hybrid,False
Airplanes (Feint Remix),B.o.B feat. Hayley Williams,Electronic,6191851729,230523,2026-02-09 15:49:52+08:00,2026-02-09 15:53:41+08:00,97.85,218,1093,False,True,793,767,18,,8,9.0,4.0,178.0,200,519,271,3,5.33226,Hybrid,True
Seishun Complex,kessoku band,Anime,6191862499,3862295,2026-02-09 15:55:05+08:00,2026-02-09 15:58:28+08:00,92.12,299,1263,False,True,924,802,109,5,8,9.3,4.0,190.0,194,595,328,1,5.77489,Hybrid,True
United (L.A.O.S Remix),Our Stolen Theory,Electronic,6191879673,550235,2026-02-09 16:00:31+08:00,2026-02-09 16:05:55+08:00,90.43,246,2275,False,True,1758,1513,169,36,40,9.2,4.0,175.0,300,1338,416,4,6.08624,Hybrid,True
Show,Ado,Pop,6192875212,4374730,2026-02-09 21:35:07+08:00,2026-02-09 21:38:53+08:00,86.59,108,948,False,True,635,502,94,10,29,9.2,4.2,132.0,184,379,254,2,4.71511,Tech,False
Wakusei Rabbit (feat. TORIENA),Yunomi,Electronic,6192891570,1139789,2026-02-09 21:41:04+08:00,2026-02-09 21:42:51+08:00,87.84,250,1422,False,False,1003,452,69,9,21,9.2,4.2,174.0,187,643,360,0,5.87497,Tech,False
Dynamite (Extended Mix),USAO,Video Game,6192907197,990396,2026-02-09 21:45:16+08:00,2026-02-09 21:46:40+08:00,82.35,170,1960,False,False,1167,257,71,15,22,9.6,4.0,200.0,234,431,736,0,6.16276,Tech,False
Spring Signal,yuki.,Electronic,6192923778,1513223,2026-02-09 21:49:12+08:00,2026-02-09 21:50:35+08:00,83.64,158,952,False,False,683,312,61,12,21,9.2,3.5,185.0,125,432,247,4,5.89412,Tech,False
Sunset Tea Cup,YUC'e,Electronic,6192934728,1347099,2026-02-09 21:50:51+08:00,2026-02-09 21:53:12+08:00,83.33,314,1241,False,False,698,419,76,14,34,9.3,4.2,160.0,168,282,416,0,5.89003,Tech,False
TRIPLE PLAY,KASAI HARCORES,Electronic,6192954756,1477910,2026-02-09 21:54:29+08:00,2026-02-09 21:57:59+08:00,88.82,187,1770,False,False,1058,746,104,13,42,9.5,3.8,175.0,238,493,565,0,5.94715,Tech,True
Future Candy,YUC'e,Electronic,6192972668,1521481,2026-02-09 21:59:03+08:00,2026-02-09 22:02:13+08:00,93.31,351,1218,False,True,755,671,70,3,11,9.0,4.0,180.0,173,410,345,0,5.2298,Tech,True
CANDYYYLAND feat. LIZ (Pa's Lam System Remix),tofubeats,Electronic,6192996646,1418503,2026-02-09 22:04:27+08:00,2026-02-09 22:07:57+08:00,82.49,129,1181,False,True,744,544,139,22,39,9.3,4.0,160.0,188,337,401,6,6.06101,Tech,True
Aresene's Bazaar,James Landino,Electronic,6193011279,4091822,2026-02-09 22:08:39+08:00,2026-02-09 22:11:18+08:00,83.53,153,1058,False,True,648,475,131,16,26,9.0,3.5,155.0,143,269,379,0,5.24267,Tech,True
Cycle Hit,KASAI HARCORES,Electronic,6193040938,1351114,2026-02-09 22:12:46+08:00,2026-02-09 22:18:08+08:00,88.22,357,2375,False,True,1421,1163,175,28,55,9.5,3.8,175.0,301,777,643,1,6.02478,Tech,True
Everything Goes On (Star Guardian Version),Porter Robinson,Pop,6193101641,3705535,2026-02-09 22:29:32+08:00,2026-02-09 22:32:00+08:00,96.36,301,716,False,True,461,432,22,4,3,9.0,3.8,157.0,141,236,225,0,4.44744,Jump,False
The Pretender,Infected Mushroom,Rock,6193115741,229180,2026-02-09 22:33:07+08:00,2026-02-09 22:35:15+08:00,98.74,376,617,False,True,407,399,5,,3,9.0,4.0,174.0,122,217,188,2,4.73496,Jump,True
Airman ga Taosenai (SOUND HOLIC Ver.),Hanatan,Video Game,6193134956,345099,2026-02-09 22:35:50+08:00,2026-02-09 22:39:43+08:00,98.56,413,1238,False,True,885,866,11,2,6,9.0,4.0,175.0,216,573,309,3,5.33301,Hybrid,False
Haruka Mirai,Kankaku Piero,Rock,6193156490,2808980,2026-02-09 22:41:41+08:00,2026-02-09 22:44:41+08:00,92.66,295,928,False,True,628,551,66,4,7,9.0,4.3,182.0,157,353,274,1,5.25587,Hybrid,False
Discommunication Alien,Usada Pekora,Pop,6193174332,2671048,2026-02-09 22:45:17+08:00,2026-02-09 22:48:49+08:00,94.83,424,1206,False,True,865,795,59,1,10,9.0,4.5,170.0,207,541,324,0,5.07524,Jump,False
United (L.A.O.S Remix),Our Stolen Theory,Electronic,6193202121,550235,2026-02-09 22:49:46+08:00,2026-02-09 22:55:08+08:00,91.47,230,2275,False,True,1758,1541,150,21,46,9.2,4.0,175.0,300,1338,416,4,6.08624,Hybrid,True
Piranha (Maffalda Reloaded Trap Mix),Alipio Martins,Hip Hop,6196433330,649387,2026-02-10 13:18:20+08:00,2026-02-10 13:22:27+08:00,97.59,478,1048,False,True,691,663,24,,4,9.0,4.0,171.0,194,428,261,2,4.89523,Hybrid,True
Outer Science,Amatsuki,Electronic,6196443681,337873,2026-02-10 13:23:32+08:00,2026-02-10 13:26:41+08:00,98.16,345,1003,False,True,604,586,14,,4,9.0,4.0,195.0,163,331,273,0,4.91737,Jump,True
Reizouko Mitara Pudding ga Nai,bibuko,Rock,6196451033,256839,2026-02-10 13:27:41+08:00,2026-02-10 13:29:42+08:00,94.0,261,841,False,True,637,580,43,1,13,9.0,4.0,190.0,113,447,189,1,5.77635,Stream,True
Merry Merry Go Round,Chitose Sara,Video Game,6196459237,1003944,2026-02-10 13:31:20+08:00,2026-02-10 13:33:04+08:00,96.63,111,559,False,True,428,409,7,1,11,9.3,4.0,185.0,94,307,120,1,5.70941,Jump,False
Hatsune Miku no Shoushitsu,cosMo@BousouP feat.Hatsune Miku,Rock,6196471934,321336,2026-02-10 13:33:57+08:00,2026-02-10 13:38:16+08:00,93.93,452,1756,False,True,848,756,77,5,10,9.0,4.0,240.0,206,432,414,2,5.79673,Stream,True
Aimai Elegy,DECO*27 feat. marina,Rock,6196483489,136910,2026-02-10 13:40:09+08:00,2026-02-10 13:43:00+08:00,97.32,344,795,False,True,546,525,13,2,6,9.0,4.0,210.0,152,309,234,3,5.17541,Jump,False
Vagrant (feat. Veela),Feint,Electronic,6196619984,781370,2026-02-10 14:35:33+08:00,2026-02-10 14:38:38+08:00,96.59,198,512,False,True,346,327,14,2,3,9.0,4.0,175.0,102,189,157,0,4.89667,Hybrid,True
Now Loading!!!!,fourfolium,Anime,6196640896,1026666,2026-02-10 14:46:26+08:00,2026-02-10 14:47:21+08:00,94.74,242,514,False,False,375,192,7,,8,9.3,4.0,193.0,87,239,135,1,5.85206,Jump,False
Airman ga Taosenai (SOUND HOLIC Ver.),Hanatan,Video Game,6196653593,345099,2026-02-10 14:48:53+08:00,2026-02-10 14:52:45+08:00,97.94,362,1238,False,True,885,859,11,8,7,9.0,4.0,175.0,216,573,309,3,5.33301,Hybrid,True
Rubik's Cube,Hatsune Miku,Rock,6196662339,114635,2026-02-10 14:53:34+08:00,2026-02-10 14:56:27+08:00,95.08,250,1027,False,True,717,665,28,9,15,9.0,4.0,174.0,151,470,246,1,5.5304,Hybrid,True
The Pretender,Infected Mushroom,Rock,6196678833,221777,2026-02-10 14:57:22+08:00,2026-02-10 15:03:33+08:00,96.89,681,2388,False,True,1450,1379,49,11,11,9.0,4.0,174.0,364,854,593,3,5.78374,Hybrid,True
Stella-rium,Kano,Anime,6196694961,738606,2026-02-10 15:06:33+08:00,2026-02-10 15:10:39+08:00,98.97,1175,1175,True,True,800,785,15,,,9.0,4.0,177.0,230,468,329,3,4.97164,Stream,True
The Words I Never Said,Mage,Electronic,6196709462,3018109,2026-02-10 15:11:56+08:00,2026-02-10 15:17:02+08:00,82.42,1086,2376,False,True,1742,1246,427,54,15,9.2,3.9,172.0,295,1332,404,6,5.88379,Stream,False
Snow Drive(01.23),Omoi,Rock,6196734326,1088292,2026-02-10 15:19:43+08:00,2026-02-10 15:27:58+08:00,89.2,231,1664,False,True,968,791,122,23,32,9.2,4.0,224.0,228,378,590,0,5.86526,Stream,False
FREEDOM DiVE,xi,Video Game,6196763555,2352543,2026-02-10 15:36:25+08:00,2026-02-10 15:40:49+08:00,91.4,397,1776,False,True,968,816,128,6,18,9.0,4.0,222.22,218,424,542,2,5.32641,Stream,False
Doki-Doki,Thaehan,Electronic,6196779819,1191209,2026-02-10 15:46:14+08:00,2026-02-10 15:48:00+08:00,86.93,208,1000,False,True,746,597,128,5,16,9.3,4.0,180.0,102,593,153,0,5.85172,Stream,False
Hype feat. Such (lapix Remix),PSYQUI,Electronic,6196792737,1741093,2026-02-10 15:49:08+08:00,2026-02-10 15:53:48+08:00,81.82,829,2074,False,True,1331,928,335,34,34,9.2,4.0,175.0,254,663,666,2,5.69572,Hybrid,False
Ascension to Heaven,xi,Electronic,6196812904,2067141,2026-02-10 15:59:56+08:00,2026-02-10 16:02:37+08:00,78.92,533,1200,False,True,720,468,219,15,18,9.2,4.0,200.0,154,512,203,5,5.7734,Stream,False
Tower Of Heaven (You Are Slaves),Feint,Electronic,6196880252,845391,2026-02-10 16:28:30+08:00,2026-02-10 16:31:18+08:00,84.21,150,1282,False,True,927,696,184,14,33,9.2,4.0,175.0,155,611,315,1,6.14043,Stream,True
Remote Control,kradness&Reol,Electronic,6197941746,774965,2026-02-10 21:59:19+08:00,2026-02-10 22:04:31+08:00,95.03,458,1774,False,True,1173,1078,74,,21,9.2,4.0,165.0,295,693,479,1,5.68253,Jump,True
Say Goodbye,Krewella,Electronic,6197966355,959406,2026-02-10 22:06:33+08:00,2026-02-10 22:10:15+08:00,96.87,199,1034,False,True,753,721,13,,19,9.5,4.0,180.0,199,489,260,4,5.31257,Jump,True
Yubi Bouenkyou ~Anime-ban~,Nogizaka46,Anime,6197977065,1474946,2026-02-10 22:11:08+08:00,2026-02-10 22:12:39+08:00,98.95,200,473,False,True,354,349,2,,3,9.2,4.2,180.0,85,233,119,2,5.21646,Jump,True
Katayoku no Tori,Shikata Akiko,Anime,6197989088,1439489,2026-02-10 22:13:49+08:00,2026-02-10 22:15:22+08:00,87.55,403,549,False,True,353,275,66,3,9,9.3,4.0,220.0,89,160,193,0,5.46637,Jump,False
Yume Chizu,yuikonnu,Rock,6198008469,2237467,2026-02-10 22:18:01+08:00,2026-02-10 22:19:43+08:00,97.77,450,522,False,True,358,344,13,,1,9.2,3.8,176.0,97,209,149,0,5.18903,Jump,True
Plus Danshi ver Reol,Reol,Pop,6198046679,667685,2026-02-10 22:24:32+08:00,2026-02-10 22:28:10+08:00,97.36,836,1260,False,True,829,791,35,1,2,9.0,4.0,180.0,207,433,395,1,4.8931,Jump,True
No title,Reol,Pop,6198056119,712376,2026-02-10 22:28:58+08:00,2026-02-10 22:30:19+08:00,95.75,170,476,False,True,328,305,17,2,4,9.1,4.0,200.0,77,186,142,0,5.24534,Jump,False
Eyes Half Closed,Crywolf,Electronic,6198069321,894090,2026-02-10 22:30:53+08:00,2026-02-10 22:33:17+08:00,92.11,375,1450,False,False,1070,313,26,1,14,9.5,4.0,135.0,341,723,344,3,5.8755,Jump,False
Uso no Hibana,96neko,Anime,6198095257,1222417,2026-02-10 22:35:25+08:00,2026-02-10 22:39:06+08:00,98.65,1301,1313,False,True,887,868,15,2,2,9.0,4.0,188.0,209,504,382,1,5.10323,Jump,True
SHIORI -TV size mix-,ClariS,Anime,6198128162,1401254,2026-02-10 22:45:00+08:00,2026-02-10 22:46:33+08:00,95.67,314,470,False,True,300,277,20,,3,9.0,4.0,176.0,88,149,151,0,5.36092,Jump,False
pensamento tipico de esquerda caviar,Maffalda,Hip Hop,6198209280,422328,2026-02-10 23:02:26+08:00,2026-02-10 23:04:26+08:00,89.32,147,535,False,True,360,308,21,8,23,9.0,4.0,157.1,112,208,149,3,5.8496,Jump,True
Future Candy,YUC'e,Electronic,6198227294,1521481,2026-02-10 23:05:10+08:00,2026-02-10 23:08:23+08:00,94.19,368,1218,False,True,755,679,66,4,6,9.0,4.0,180.0,173,410,345,0,5.2298,Tech,True
Aresene's Bazaar,James Landino,Electronic,6198245121,4091822,2026-02-10 23:09:56+08:00,2026-02-10 23:12:26+08:00,80.82,181,1058,False,True,648,450,141,21,36,9.0,3.5,155.0,143,269,379,0,5.24267,Tech,True
Sunset Tea Cup,YUC'e,Electronic,6198271177,1347099,2026-02-10 23:15:20+08:00,2026-02-10 23:18:14+08:00,80.72,273,1241,False,True,698,489,159,16,34,9.3,4.2,160.0,168,282,416,0,5.89003,Tech,False
The 89's Momentum,MYUKKE.,Video Game,6198285614,3514465,2026-02-10 23:19:09+08:00,2026-02-10 23:21:26+08:00,79.06,190,871,False,True,550,358,158,13,21,9.2,4.0,128.0,133,302,247,1,5.18774,Tech,False
Newspapers for Magicians,Camellia,Electronic,6198331353,1970128,2026-02-10 23:26:54+08:00,2026-02-10 23:31:23+08:00,85.62,458,1898,False,True,1048,790,215,25,18,9.0,4.0,150.0,251,505,539,4,4.99846,Tech,True
Exit This Earth's Atomosphere,Camellia,Electronic,6198371728,917176,2026-02-10 23:34:38+08:00,2026-02-10 23:40:11+08:00,87.73,308,2195,False,True,1235,987,189,15,44,9.3,4.0,170.0,311,568,665,2,6.07172,Tech,False
CANDYYYLAND feat. LIZ (Pa's Lam System Remix),tofubeats,Electronic,6198425194,1418503,2026-02-10 23:48:17+08:00,2026-02-10 23:51:49+08:00,82.45,137,1181,False,True,744,550,137,15,42,9.3,4.0,160.0,188,337,401,6,6.06101,Tech,True
Cycle Hit,KASAI HARCORES,Electronic,6198459556,1351114,2026-02-10 23:54:01+08:00,2026-02-10 23:59:17+08:00,87.84,595,2375,False,True,1421,1152,217,9,43,9.5,3.8,175.0,301,777,643,1,6.02478,Tech,True
Omoide Kakera,nano,Rock,6201908659,991609,2026-02-11 16:30:19+08:00,2026-02-11 16:34:52+08:00,97.11,524,1502,False,True,875,830,34,2,9,9.0,4.0,200.0,253,336,535,4,5.05036,Stream,True
Itte.,Yorushika,Pop,6202921788,2061024,2026-02-11 21:45:30+08:00,2026-02-11 21:49:34+08:00,98.62,552,1091,False,True,731,715,11,,5,9.0,4.0,180.0,207,405,325,1,4.99609,Jump,True
Break Through,Nasko,Electronic,6202943818,1392016,2026-02-11 21:50:49+08:00,2026-02-11 21:54:44+08:00,94.32,523,1303,False,True,657,590,47,3,17,9.0,3.5,115.0,223,179,476,2,4.9786,Jump,False
Rubik's Cube,Hatsune Miku,Rock,6202962409,114635,2026-02-11 21:56:07+08:00,2026-02-11 21:59:00+08:00,95.55,342,1027,False,True,717,671,30,2,14,9.0,4.0,174.0,151,470,246,1,5.5304,Hybrid,True
We Won't Be Alone (feat. Laura Brehm),Feint,Electronic,6202973603,869142,2026-02-11 22:00:03+08:00,2026-02-11 22:01:38+08:00,95.74,110,450,False,True,349,330,9,1,9,9.0,4.3,175.0,88,257,90,2,5.36164,Jump,True
Prismatic Lollipops,DJ Mashiro,Video Game,6202984562,705059,2026-02-11 22:02:42+08:00,2026-02-11 22:04:12+08:00,92.72,252,588,False,True,479,427,42,,10,9.0,4.0,202.0,85,381,97,1,5.92593,Hybrid,True
30's Swing Tek,Floxytek vs Billx,Electronic,6202998789,169271,2026-02-11 22:05:12+08:00,2026-02-11 22:07:30+08:00,95.79,503,789,False,True,559,526,11,15,7,9.0,4.0,190.0,121,390,168,1,5.40539,Hybrid,True
The Pretender,Infected Mushroom,Rock,6203031451,221777,2026-02-11 22:08:47+08:00,2026-02-11 22:14:59+08:00,95.84,397,2388,False,True,1450,1359,64,3,24,9.0,4.0,174.0,364,854,593,3,5.78374,Hybrid,True
United (L.A.O.S Remix),Our Stolen Theory,Electronic,6203057649,550235,2026-02-11 22:15:31+08:00,2026-02-11 22:20:53+08:00,92.96,508,2275,False,True,1758,1572,139,27,20,9.2,4.0,175.0,300,1338,416,4,6.08624,Hybrid,True
Reizouko Mitara Pudding ga Nai,bibuko,Rock,6207975632,256839,2026-02-12 21:38:44+08:00,2026-02-12 21:40:45+08:00,93.09,165,841,False,True,637,576,37,3,21,9.0,4.0,190.0,113,447,189,1,5.77635,Stream,True
Shotgun Senorita (Zardonic Remix),Blue Stahli,Electronic,6207989690,192508,2026-02-12 21:41:52+08:00,2026-02-12 21:44:02+08:00,95.12,152,750,False,True,511,478,13,1,19,9.0,4.0,175.0,122,362,148,1,5.49398,Jump,False
Whatever I Do (feat. Kostja),Cartoon,Electronic,6208002899,815071,2026-02-12 21:45:22+08:00,2026-02-12 21:47:05+08:00,86.95,256,402,False,True,282,221,54,,7,9.2,4.2,174.0,93,190,89,3,5.14767,Jump,True
Night of Knights,beatMARIO,Video Game,6208025867,786018,2026-02-12 21:49:26+08:00,2026-02-12 21:52:21+08:00,95.56,178,1218,False,True,914,860,33,1,20,9.2,3.8,180.0,151,651,263,0,5.63019,Hybrid,True
Frame of Mind,Tristam & Braken,Electronic,6208038963,1093374,2026-02-12 21:53:35+08:00,2026-02-12 21:55:23+08:00,97.34,472,560,False,True,429,411,14,2,2,9.2,4.2,175.0,99,310,117,2,5.27058,Hybrid,True
Hatsune Miku no Shoushitsu,cosMo@BousouP feat.Hatsune Miku,Rock,6208068487,320127,2026-02-12 21:57:09+08:00,2026-02-12 22:02:11+08:00,89.14,274,1918,False,True,1104,909,150,12,33,9.2,4.0,240.0,208,584,519,1,6.02431,Stream,True
Hatsune Miku no Shoushitsu,cosMo@BousouP feat.Hatsune Miku,Rock,6208046485,321336,2026-02-12 21:56:28+08:00,2026-02-12 21:57:07+08:00,89.16,130,1756,False,False,848,110,18,3,4,9.0,4.0,240.0,206,432,414,2,5.79673,Stream,True
SAVE (Encore),DM DOKURO,Video Game,6208093607,916958,2026-02-12 22:05:37+08:00,2026-02-12 22:07:57+08:00,95.82,141,560,False,True,414,390,13,,11,9.2,4.0,180.0,117,279,134,1,5.27708,Jump,True
Anoko Secret,Eve,Rock,6208107391,1788240,2026-02-12 22:09:15+08:00,2026-02-12 22:11:02+08:00,94.2,238,643,False,True,458,414,35,6,3,9.0,4.0,160.0,100,276,180,2,4.81082,Jump,True
SAVE (Encore),DM DOKURO,Video Game,6208125148,916958,2026-02-12 22:12:40+08:00,2026-02-12 22:15:00+08:00,97.58,507,560,False,True,414,398,13,,3,9.2,4.0,180.0,117,279,134,1,5.27708,Jump,True
Chase Me,Dreamcatcher,Rock,6208142692,1258993,2026-02-12 22:15:46+08:00,2026-02-12 22:18:58+08:00,94.53,135,993,False,True,633,581,29,1,22,9.2,4.0,200.0,177,309,323,1,5.11762,Jump,False
Time Bomb (feat. Veela & Boyinaband),Feint,Electronic,6208162897,263368,2026-02-12 22:20:45+08:00,2026-02-12 22:23:25+08:00,95.92,762,762,True,True,493,455,38,,,9.0,4.0,175.0,144,240,252,1,4.60807,Hybrid,True
30's Swing Tek,Floxytek vs Billx,Electronic,6208178742,169271,2026-02-12 22:24:30+08:00,2026-02-12 22:26:48+08:00,97.48,568,789,False,True,559,536,20,,3,9.0,4.0,190.0,121,390,168,1,5.40539,Hybrid,True
The Pretender,Infected Mushroom,Rock,6208213033,221777,2026-02-12 22:28:53+08:00,2026-02-12 22:34:13+08:00,97.01,640,2388,False,False,1450,1086,32,2,17,9.0,4.0,174.0,364,854,593,3,5.78374,Hybrid,True
This Will Be the Day (feat. Casey Lee Williams),Jeff Williams,Anime,6208239654,302238,2026-02-12 22:36:56+08:00,2026-02-12 22:40:00+08:00,94.15,297,1106,False,True,691,621,58,6,6,9.0,4.0,190.0,177,395,293,3,5.48709,Hybrid,True
Lost Time Memory,Jin,Rock,6208264690,385856,2026-02-12 22:40:43+08:00,2026-02-12 22:45:25+08:00,91.93,308,1460,False,True,958,835,87,2,34,9.0,4.0,210.0,248,496,458,4,6.04299,Hybrid,False
Calamity Fortune,LeaF,Video Game,6208291352,261725,2026-02-12 22:48:49+08:00,2026-02-12 22:51:06+08:00,96.48,342,987,False,True,628,591,29,2,6,9.0,4.0,200.0,129,360,267,1,5.29945,Stream,True
Rubik's Cube,Hatsune Miku,Rock,6208341072,114635,2026-02-12 22:58:42+08:00,2026-02-12 23:01:35+08:00,96.18,338,1027,False,True,717,678,27,1,11,9.0,4.0,174.0,151,470,246,1,5.5304,Hybrid,True
Hold Your Colour,Pendulum,Electronic,6208377029,1485947,2026-02-12 23:03:42+08:00,2026-02-12 23:09:10+08:00,92.34,279,1705,False,True,1253,1105,110,7,31,9.2,4.0,174.0,292,898,353,2,5.72349,Stream,False
Hysteric Night Girl -Awakening- (feat. Such),PSYQUI,Electronic,6208396181,3102956,2026-02-12 23:09:57+08:00,2026-02-12 23:13:11+08:00,91.29,342,1250,False,True,751,650,79,6,16,9.0,3.5,160.0,179,278,471,2,5.05827,Tech,False
me & u,succducc,Pop,6208420406,1498091,2026-02-12 23:15:20+08:00,2026-02-12 23:18:13+08:00,87.43,171,1220,False,True,800,636,138,7,19,9.2,4.0,160.0,163,440,359,1,5.34591,Tech,True
Space Invaders,Teminite & MDK,Electronic,6208454771,2114276,2026-02-12 23:19:32+08:00,2026-02-12 23:25:24+08:00,89.25,303,2007,False,True,1199,985,164,9,41,9.2,3.0,128.0,318,451,740,8,5.39013,Tech,True
Rubik's Cube,Hatsune Miku,Rock,6213172375,114635,2026-02-13 21:29:39+08:00,2026-02-13 21:32:31+08:00,93.52,363,1027,False,True,717,648,47,3,19,9.0,4.0,174.0,151,470,246,1,5.5304,Hybrid,True
Reizouko Mitara Pudding ga Nai,bibuko,Rock,6213195094,256839,2026-02-13 21:35:51+08:00,2026-02-13 21:37:52+08:00,97.34,304,841,False,True,637,612,19,1,5,9.0,4.0,190.0,113,447,189,1,5.77635,Stream,True
Hatsune Miku no Shoushitsu,cosMo@BousouP feat.Hatsune Miku,Rock,6213223946,321336,2026-02-13 21:40:10+08:00,2026-02-13 21:44:30+08:00,91.93,499,1756,False,True,848,731,87,12,18,9.0,4.0,240.0,206,432,414,2,5.79673,Stream,True
30's Swing Tek,Floxytek vs Billx,Electronic,6213283872,169271,2026-02-13 21:55:40+08:00,2026-02-13 21:57:57+08:00,94.27,203,789,False,True,559,509,37,6,7,9.0,4.0,190.0,121,390,168,1,5.40539,Hybrid,True
Now Loading!!!!,fourfolium,Anime,6213310555,1046072,2026-02-13 21:59:41+08:00,2026-02-13 22:03:52+08:00,98.85,815,1452,False,True,953,936,11,,6,9.0,4.0,193.0,238,454,497,2,5.07875,Jump,True
Genryuu Kaiko,Halozy,Video Game,6213340337,577517,2026-02-13 22:05:20+08:00,2026-02-13 22:10:29+08:00,96.56,587,1715,False,True,1163,1103,38,1,21,9.2,4.0,173.0,300,706,455,2,5.35138,Hybrid,False
Airman ga Taosenai (SOUND HOLIC Ver.),Hanatan,Video Game,6213364068,345099,2026-02-13 22:11:50+08:00,2026-02-13 22:15:42+08:00,99.23,617,1238,False,True,885,875,6,,4,9.0,4.0,175.0,216,573,309,3,5.33301,Hybrid,True
The Pretender,Infected Mushroom,Rock,6213403705,221777,2026-02-13 22:18:16+08:00,2026-02-13 22:24:27+08:00,96.43,384,2388,False,True,1450,1373,49,7,21,9.0,4.0,174.0,364,854,593,3,5.78374,Hybrid,True
TRIPLE PLAY,KASAI HARCORES,Electronic,6213429355,1477910,2026-02-13 22:26:34+08:00,2026-02-13 22:30:05+08:00,91.3,317,1770,False,False,1058,793,73,11,38,9.5,3.8,175.0,238,493,565,0,5.94715,Tech,True
Playing With Fire,kors k,Video Game,6213441749,2011421,2026-02-13 22:31:00+08:00,2026-02-13 22:32:46+08:00,82.75,124,669,False,True,469,346,86,10,27,9.4,4.0,160.0,92,294,171,4,5.83337,Tech,True
Remote Control,kradness&Reol,Electronic,6213469604,774965,2026-02-13 22:33:28+08:00,2026-02-13 22:38:39+08:00,95.62,597,1774,False,True,1173,1089,65,6,13,9.2,4.0,165.0,295,693,479,1,5.68253,Jump,True
Calamity Fortune,LeaF,Video Game,6213511145,261725,2026-02-13 22:45:07+08:00,2026-02-13 22:47:24+08:00,96.5,373,987,False,True,628,591,30,,7,9.0,4.0,200.0,129,360,267,1,5.29945,Stream,True
Rally Go Round,LiSA,Anime,6213536970,740692,2026-02-13 22:48:22+08:00,2026-02-13 22:52:47+08:00,98.09,420,1536,False,True,1111,1083,13,1,14,9.3,4.0,190.0,248,710,400,1,5.74763,Hybrid,True
Bad Apple!! (REDALiCE Remix),Masayoshi Minoshima,Video Game,6213563285,360925,2026-02-13 22:53:57+08:00,2026-02-13 22:58:11+08:00,96.28,452,1580,False,True,1105,1042,49,3,11,9.0,4.0,170.0,239,680,424,1,5.4217,Hybrid,False
United (L.A.O.S Remix),Our Stolen Theory,Electronic,6213639171,550235,2026-02-13 23:08:16+08:00,2026-02-13 23:13:39+08:00,92.17,410,2275,False,True,1758,1561,126,26,45,9.2,4.0,175.0,300,1338,416,4,6.08624,Hybrid,True
CANDYYYLAND feat. LIZ (Pa's Lam System Remix),tofubeats,Electronic,6213676827,1418502,2026-02-13 23:17:38+08:00,2026-02-13 23:21:22+08:00,89.92,239,1485,False,True,961,802,126,18,15,9.0,4.0,160.0,208,504,455,2,5.43985,Tech,True
Boss Rush,USAO,Video Game,6213689802,1324737,2026-02-13 23:21:57+08:00,2026-02-13 23:24:04+08:00,98.05,308,745,False,True,520,506,5,,9,9.0,4.0,190.0,118,294,223,3,5.17064,Hybrid,True
Ascension to Heaven,xi,Electronic,6213707436,2067141,2026-02-13 23:24:56+08:00,2026-02-13 23:27:39+08:00,83.32,251,1200,False,True,720,522,175,11,12,9.2,4.0,200.0,154,512,203,5,5.7734,Stream,True
Future Candy,YUC'e,Electronic,6213731639,1521481,2026-02-13 23:28:26+08:00,2026-02-13 23:32:32+08:00,94.53,460,1218,False,True,755,684,64,2,5,9.0,4.0,180.0,173,410,345,0,5.2298,Tech,True
Sunset Tea Cup,YUC'e,Electronic,6213747892,1347099,2026-02-13 23:32:54+08:00,2026-02-13 23:35:48+08:00,85.42,147,1241,False,True,698,550,101,13,34,9.3,4.2,160.0,168,282,416,0,5.89003,Tech,True
Aresene's Bazaar,James Landino,Electronic,6213776806,4091822,2026-02-13 23:39:07+08:00,2026-02-13 23:41:37+08:00,84.39,149,1058,False,True,648,487,124,13,24,9.0,3.5,155.0,143,269,379,0,5.24267,Tech,True
Cycle Hit,KASAI HARCORES,Electronic,6213839978,1351114,2026-02-13 23:48:51+08:00,2026-02-13 23:54:07+08:00,87.92,496,2375,False,True,1421,1165,168,28,60,9.5,3.8,175.0,301,777,643,1,6.02478,Tech,True
REANIMATE,Warak,Video Game,6213855860,487589,2026-02-13 23:54:40+08:00,2026-02-13 23:57:14+08:00,88.33,280,957,False,True,649,527,96,5,21,9.5,4.0,174.0,149,363,285,1,5.58811,Tech,False
SHIORI -TV size mix-,ClariS,Anime,6218026048,1401254,2026-02-14 17:58:43+08:00,2026-02-14 18:00:16+08:00,96.95,320,470,False,True,300,285,8,5,2,9.0,4.0,176.0,88,149,151,0,5.36092,Jump,True
Uso no Hibana,96neko,Anime,6218079904,1222417,2026-02-14 18:11:33+08:00,2026-02-14 18:15:14+08:00,97.78,987,1313,False,True,887,859,21,,7,9.0,4.0,188.0,209,504,382,1,5.10323,Jump,True
Rubik's Cube,Hatsune Miku,Rock,6218120237,114635,2026-02-14 18:23:09+08:00,2026-02-14 18:26:02+08:00,96.14,275,1027,False,True,717,675,31,,11,9.0,4.0,174.0,151,470,246,1,5.5304,Hybrid,True
The Words I Never Said,Mage,Electronic,6218145507,3018109,2026-02-14 18:27:36+08:00,2026-02-14 18:32:43+08:00,84.11,763,2376,False,True,1742,1297,393,28,24,9.2,3.9,172.0,295,1332,404,6,5.88379,Stream,True
Split EX (Instrumental Ver.),Ardolf,Electronic,6218159313,4767832,2026-02-14 18:33:19+08:00,2026-02-14 18:36:25+08:00,95.82,380,1520,False,True,1010,943,53,1,13,9.1,4.0,170.0,181,657,353,0,5.2796,Stream,True
RAISE MY SWORD,GALNERYUS,Metal,6218177789,1957429,2026-02-14 18:38:20+08:00,2026-02-14 18:41:23+08:00,94.63,608,1589,False,True,964,881,71,,12,9.2,4.0,184.0,166,648,313,3,5.93782,Stream,False
Oriens,ginkiha,Video Game,6218187291,192515,2026-02-14 18:41:45+08:00,2026-02-14 18:43:53+08:00,94.18,184,814,False,True,515,469,33,2,11,9.0,5.0,185.0,112,322,190,3,5.66872,Stream,False
furioso melodia,gmtn. (witch's slave),Electronic,6218195463,432030,2026-02-14 18:44:07+08:00,2026-02-14 18:46:01+08:00,87.45,195,763,False,True,529,424,79,13,13,9.0,4.0,155.0,108,329,199,1,5.55109,Stream,True
HONESTY,GYZE,Metal,6218217393,2316176,2026-02-14 18:46:34+08:00,2026-02-14 18:51:39+08:00,88.92,1155,2354,False,True,1560,1270,253,26,11,9.0,3.5,185.0,300,1054,501,5,5.55426,Stream,True
Goya no Machiawase (TV Size),Hello Sleepwalkers,Anime,6218233110,354185,2026-02-14 18:54:11+08:00,2026-02-14 18:55:44+08:00,95.75,431,537,False,True,363,335,27,,1,9.0,4.0,189.0,88,195,167,1,5.21063,Stream,False
Calamity Fortune,LeaF,Video Game,6218245215,261725,2026-02-14 18:56:37+08:00,2026-02-14 18:58:54+08:00,97.79,798,987,False,True,628,604,22,1,1,9.0,4.0,200.0,129,360,267,1,5.29945,Stream,True
Yoru Naku Usagi wa Yume o Miru,UNDEAD CORPORATION,Video Game,6218295603,176960,2026-02-14 19:08:09+08:00,2026-02-14 19:11:54+08:00,98.38,1217,1505,False,True,959,931,26,1,1,9.0,4.0,200.0,213,542,416,1,5.45238,Stream,True
Ascension to Heaven,xi,Electronic,6218328351,2067141,2026-02-14 19:17:27+08:00,2026-02-14 19:20:08+08:00,87.58,851,1200,False,True,720,572,128,11,9,9.2,4.0,200.0,154,512,203,5,5.7734,Stream,True
FireLight (Neokontrol Remix),"Dustvoxx, Laur",Electronic,6218393539,3122865,2026-02-14 19:30:51+08:00,2026-02-14 19:36:30+08:00,91.71,465,3273,False,True,1710,1471,199,18,22,9.3,4.0,190.0,334,950,759,1,5.35001,Stream,True
Future Candy,YUC'e,Electronic,6219199528,1521481,2026-02-14 22:27:07+08:00,2026-02-14 22:30:44+08:00,95.46,362,1218,False,True,755,698,46,4,7,9.0,4.0,180.0,173,410,345,0,5.2298,Tech,True
Hysteric Night Girl -Awakening- (feat. Such),PSYQUI,Electronic,6219227245,3102956,2026-02-14 22:32:59+08:00,2026-02-14 22:36:13+08:00,90.7,200,1250,False,True,751,643,77,8,23,9.0,3.5,160.0,179,278,471,2,5.05827,Tech,True
The 89's Momentum,MYUKKE.,Video Game,6219241340,3514465,2026-02-14 22:36:42+08:00,2026-02-14 22:39:00+08:00,81.21,121,871,False,True,550,379,143,9,19,9.2,4.0,128.0,133,302,247,1,5.18774,Tech,True
Aresene's Bazaar,James Landino,Electronic,6219257309,4091822,2026-02-14 22:39:37+08:00,2026-02-14 22:42:07+08:00,84.08,180,1058,False,True,648,485,124,13,26,9.0,3.5,155.0,143,269,379,0,5.24267,Tech,True
"Bassdrop Freaks (2018 ""Redrop"" ver.)",Camellia feat. Nanahira,Electronic,6219284334,1701400,2026-02-14 22:42:52+08:00,2026-02-14 22:47:26+08:00,95.13,733,1917,False,True,1149,1054,79,2,14,9.0,4.0,179.0,255,444,703,2,5.09048,Tech,True
Newspapers for Magicians,Camellia,Electronic,6219310082,1970128,2026-02-14 22:48:01+08:00,2026-02-14 22:52:30+08:00,85.87,280,1898,False,True,1048,803,206,13,26,9.0,4.0,150.0,251,505,539,4,4.99846,Tech,True
Exit This Earth's Atomosphere,Camellia,Electronic,6219340530,917176,2026-02-14 22:52:55+08:00,2026-02-14 22:58:27+08:00,90.87,478,2195,False,True,1235,1052,149,5,29,9.3,4.0,170.0,311,568,665,2,6.07172,Tech,True
Amazing Mirage,lapix,Electronic,6219379709,1848516,2026-02-14 23:04:14+08:00,2026-02-14 23:06:11+08:00,88.01,142,892,False,True,587,480,85,6,16,9.2,4.0,153.0,106,351,234,2,5.04291,Tech,False
trappola bewitching,gmtn. (witch's slave),Electronic,6219446374,3381483,2026-02-14 23:17:22+08:00,2026-02-14 23:19:22+08:00,88.77,197,840,False,True,515,422,75,1,17,9.0,3.6,190.0,115,301,213,1,4.96234,Tech,False
SELF DESTRUCT,sakuraburst,Electronic,6219481731,2161036,2026-02-14 23:22:04+08:00,2026-02-14 23:26:23+08:00,80.41,246,1670,False,True,999,692,234,26,47,9.2,4.2,160.0,255,484,514,1,5.81742,Tech,False
Fuse,sky_delta vs. Tanchiky,Electronic,6219506115,3464454,2026-02-14 23:27:36+08:00,2026-02-14 23:31:13+08:00,92.26,645,1529,False,True,968,848,106,6,8,9.1,3.9,175.0,201,481,486,1,5.23578,Tech,False
Cycle Hit,KASAI HARCORES,Electronic,6219547064,1351114,2026-02-14 23:34:02+08:00,2026-02-14 23:39:18+08:00,89.23,513,2375,False,True,1421,1196,159,16,50,9.5,3.8,175.0,301,777,643,1,6.02478,Tech,True
Split EX (Instrumental Ver.),Ardolf,Electronic,6223470234,4767832,2026-02-15 16:01:30+08:00,2026-02-15 16:04:37+08:00,92.29,305,1520,False,True,1010,887,91,12,20,9.1,4.0,170.0,181,657,353,0,5.2796,Stream,True
Super Nuko World,yuikonnu & ayaponzu*,Rock,6223485809,476149,2026-02-15 16:05:59+08:00,2026-02-15 16:09:41+08:00,98.52,583,1381,False,True,1015,991,21,,3,9.0,4.0,190.0,205,678,336,1,5.21271,Stream,True
Ascension to Heaven,xi,Electronic,6223496024,2732590,2026-02-15 16:10:22+08:00,2026-02-15 16:13:02+08:00,92.45,366,849,False,True,479,419,48,4,8,9.0,4.0,200.0,154,253,221,5,5.28243,Stream,False
Rubik's Cube,Hatsune Miku,Rock,6223526926,114635,2026-02-15 16:20:01+08:00,2026-02-15 16:22:54+08:00,95.39,348,1027,False,True,717,664,45,,8,9.0,4.0,174.0,151,470,246,1,5.5304,Stream,True
Hatsune Miku no Shoushitsu,cosMo@BousouP feat.Hatsune Miku,Rock,6223547011,321336,2026-02-15 16:24:59+08:00,2026-02-15 16:29:19+08:00,96.7,780,1756,False,True,848,801,37,2,8,9.0,4.0,240.0,206,432,414,2,5.79673,Stream,True
Tower Of Heaven (You Are Slaves),Feint,Electronic,6223566017,845391,2026-02-15 16:32:34+08:00,2026-02-15 16:35:23+08:00,84.29,340,1282,False,True,927,694,198,6,29,9.2,4.0,175.0,155,611,315,1,6.14043,Stream,True
trappola bewitching,gmtn. (witch's slave),Electronic,6223574679,3381483,2026-02-15 16:36:09+08:00,2026-02-15 16:38:09+08:00,90.02,262,840,False,True,515,429,72,5,9,9.0,3.6,190.0,115,301,213,1,4.96234,Tech,True
VEZZELiX,Reku Mochizuki,Electronic,6223582954,3910493,2026-02-15 16:38:39+08:00,2026-02-15 16:40:46+08:00,90.53,372,950,False,True,632,544,72,5,11,9.0,3.8,190.0,110,346,286,0,5.17403,Tech,False
Au (Gancher & Ruin Remix),osaili,Electronic,6223595532,4836970,2026-02-15 16:41:17+08:00,2026-02-15 16:44:39+08:00,86.31,252,1187,False,True,765,602,123,13,27,9.4,3.5,175.0,178,391,372,2,5.62936,Tech,False
Fuse,sky_delta vs. Tanchiky,Electronic,6223609938,3464454,2026-02-15 16:45:31+08:00,2026-02-15 16:49:08+08:00,92.95,610,1529,False,True,968,858,98,6,6,9.1,3.9,175.0,201,481,486,1,5.23578,Tech,True
CANDYYYLAND feat. LIZ (Pa's Lam System Remix),tofubeats,Electronic,6223628632,1418503,2026-02-15 16:51:16+08:00,2026-02-15 16:54:48+08:00,86.66,316,1181,False,True,744,597,104,14,29,9.3,4.0,160.0,188,337,401,6,6.06101,Tech,True
Cycle Hit,KASAI HARCORES,Electronic,6223649045,1351114,2026-02-15 16:55:42+08:00,2026-02-15 17:00:58+08:00,88.82,393,2375,False,True,1421,1167,212,10,32,9.5,3.8,175.0,301,777,643,1,6.02478,Tech,True
Remote Control,Saiya,Electronic,6223684451,164020,2026-02-15 17:09:44+08:00,2026-02-15 17:12:07+08:00,90.92,284,652,False,True,479,413,51,1,14,9.0,4.0,165.0,130,345,132,2,5.49248,Jump,True
No title,Reol,Pop,6223696132,712376,2026-02-15 17:14:23+08:00,2026-02-15 17:15:44+08:00,98.79,365,476,False,True,328,322,5,,1,9.1,4.0,200.0,77,186,142,0,5.24534,Jump,True
Blood Sugar,Pendulum,Electronic,6223713699,111439,2026-02-15 17:16:51+08:00,2026-02-15 17:21:11+08:00,96.97,308,983,False,True,733,704,10,1,18,9.0,4.0,176.0,208,514,212,7,5.52994,Jump,False
Minimum,MIMI feat. wanko,Pop,6223728266,3793450,2026-02-15 17:23:12+08:00,2026-02-15 17:25:34+08:00,96.4,163,716,False,True,535,507,18,1,9,9.2,3.8,202.0,130,367,167,1,5.50331,Jump,False
Say Goodbye,Krewella,Electronic,6223742662,959406,2026-02-15 17:26:10+08:00,2026-02-15 17:29:54+08:00,97.34,230,1034,False,True,753,727,9,,17,9.5,4.0,180.0,199,489,260,4,5.31257,Jump,True
pensamento tipico de esquerda caviar,Maffalda,Hip Hop,6223755071,422328,2026-02-15 17:31:37+08:00,2026-02-15 17:33:36+08:00,94.81,249,535,False,True,360,336,7,,17,9.0,4.0,157.1,112,208,149,3,5.8496,Jump,True
Airman ga Taosenai (SOUND HOLIC Ver.),Hanatan,Video Game,6223782951,345099,2026-02-15 17:37:55+08:00,2026-02-15 17:41:47+08:00,98.85,646,1238,False,True,885,868,15,,2,9.0,4.0,175.0,216,573,309,3,5.33301,Hybrid,True
Hoohah (VIP Edit),Fox Stevenson & Curbi,Electronic,6223790159,1295253,2026-02-15 17:42:19+08:00,2026-02-15 17:43:53+08:00,97.94,402,486,False,True,349,338,9,,2,9.2,4.0,174.0,81,221,127,1,5.19241,Hybrid,True
Reizouko Mitara Pudding ga Nai,bibuko,Rock,6223810303,256840,2026-02-15 17:47:37+08:00,2026-02-15 17:49:38+08:00,93.6,157,829,False,True,613,555,42,1,15,9.0,4.0,190.0,113,463,149,1,6.04401,Hybrid,True
Uta,Imperial Circus Dead Decadence,Metal,6223845954,2015472,2026-02-15 17:51:22+08:00,2026-02-15 17:59:42+08:00,95.75,816,3147,False,True,1880,1747,115,3,15,9.2,4.0,205.0,441,1005,870,5,5.59306,Hybrid,False
Ashes of the Dawn,DragonForce / R3 Music Box,Metal,6224085196,1601387,2026-02-15 19:00:34+08:00,2026-02-15 19:05:41+08:00,87.47,272,2182,False,True,1508,1220,225,12,51,9.3,4.0,180.0,303,921,583,4,6.03585,Stream,False
Saiyajin,Thaehan,Electronic,6224098747,1449826,2026-02-15 19:07:47+08:00,2026-02-15 19:09:17+08:00,97.75,471,588,False,True,454,437,16,,1,9.0,4.0,180.0,86,325,129,0,5.15087,Stream,True
Time Bomb (feat. Veela),Feint & Boyinaband,Electronic,6224127025,1384287,2026-02-15 19:13:58+08:00,2026-02-15 19:16:38+08:00,95.24,712,786,False,True,575,527,47,,1,9.2,4.0,175.0,144,366,209,0,5.27509,Jump,True
TRIPLE PLAY,KASAI HARCORES,Electronic,6224148747,1477910,2026-02-15 19:18:42+08:00,2026-02-15 19:22:12+08:00,88.51,292,1770,False,False,1058,742,114,26,29,9.5,3.8,175.0,238,493,565,0,5.94715,Tech,True
Playing With Fire,kors k,Video Game,6224158842,2011421,2026-02-15 19:22:58+08:00,2026-02-15 19:24:45+08:00,83.94,220,669,False,True,469,356,79,7,27,9.4,4.0,160.0,92,294,171,4,5.83337,Tech,True
The Pretender,Infected Mushroom,Rock,6224198872,221777,2026-02-15 19:28:23+08:00,2026-02-15 19:34:38+08:00,94.42,521,2388,False,True,1450,1334,74,6,36,9.0,4.0,174.0,364,854,593,3,5.78374,Hybrid,True
The Words I Never Said,Mage,Electronic,6224369676,3018109,2026-02-15 20:10:56+08:00,2026-02-15 20:16:03+08:00,84.3,736,2376,False,True,1742,1300,391,30,21,9.2,3.9,172.0,295,1332,404,6,5.88379,Stream,True
